codon,three.letter,GCN
GCA,Ala,6
GCC,Ala,11
GCG,Ala,11
GCU,Ala,11
AGA,Arg,12
AGG,Arg,13
CGA,Arg,7
CGC,Arg,7
CGG,Arg,1
CGU,Arg,7
AAC,Asn,11
AAU,Asn,11
GAC,Asp,16
GAU,Asp,16
UGC,Cys,4
UGU,Cys,4
CAA,Gln,9
CAG,Gln,1
GAA,Glu,15
GAG,Glu,2
GGA,Gly,3
GGC,Gly,16
GGG,Gly,2
GGU,Gly,16
CAC,His,8
CAU,His,8
AUA,Ile,15
AUC,Ile,14
AUU,Ile,13
CUA,Leu,3
CUC,Leu,3
CUG,Leu,3
CUU,Leu,3
UUA,Leu,7
UUG,Leu,17
AAA,Lys,14
AAG,Lys,8
AUG,Met,6
UUC,Phe,11
UUU,Phe,11
CCA,Pro,12
CCC,Pro,2
CCG,Pro,12
CCU,Pro,2
AGC,Ser,2
AGU,Ser,2
UCA,Ser,15
UCC,Ser,11
UCG,Ser,6
UCU,Ser,11
UAA,Stop,
UAG,Stop,
UGA,Stop,
ACA,Thr,16
ACC,Thr,16
ACG,Thr,6
ACU,Thr,16
UGG,Trp,6
UAC,Tyr,8
UAU,Tyr,8
GUA,Val,17
GUC,Val,14
GUG,Val,5
GUU,Val,14
